ID,DATA,SENTIMENT
8.02E+17,"I am working hard, even on Thanksgiving, trying to get Carrier A.C. Company to stay in the U.S. (Indiana). MAKING PROGRESS - Will know soon!",4
8.02E+17,"Happy Thanksgiving to everyone. We will, together, MAKE AMERICA GREAT AGAIN!",4
8.02E+17,"Let us give thanks for all that we have, and let us boldly face the exciting new frontiers that lie ahead. Happy Th‚Ä¶ https://t.co/RY9mGGjrXm",4
8.01E+17,Bus crash in Tennessee so sad &amp; so terrible. Condolences to all family members and loved ones. These beautiful children will be remembered!,2
8.01E+17,I am seriously considering Dr. Ben Carson as the head of HUD. I've gotten to know him well--he's a greatly talented person who loves people!,4
8.01E+17,The meeting with the @nytimes is back on at 12:30 today. Look forward to it!,4
8.01E+17,"'Jeff Sessions, a Fitting Selection for Attorney General'
https://t.co/LjKTkAZSFy",4
8.01E+17,"'President-elect Donald J. Trump's CIA Director Garners Praise'
https://t.co/UFdLWtwBEQ https://t.co/MrPaG7OziQ",4
8.01E+17,Great meetings will take place today at Trump Tower concerning the formation of the people who will run our government for the next 8 years.,4
8.01E+17,The failing @nytimes just announced that complaints about them are at a 15 year high. I can fully understand that - but why announce?,0
8.01E+17,Perhaps a new meeting will be set up with the @nytimes. In the meantime they continue to cover me inaccurately and with a nasty tone!,0
8.01E+17,I cancelled today's meeting with the failing @nytimes when the terms and conditions of the meeting were changed at the last moment. Not nice,0
8.01E+17,Many people would like to see @Nigel_Farage represent Great Britain as their Ambassador to the United States. He would do a great job!,4
8.01E+17,Prior to the election it was well known that I have interests in properties all over the world.Only the crooked media makes this a big deal!,0
8.01E+17,.@transition2017 update and policy plans for the first 100 days. https://t.co/HTgPXfPWeJ,4
8.00E+17,I have always had a good relationship with Chuck Schumer. He is far smarter than Harry R and has the ability to get things done. Good news!,4
8.00E+17,"General James ""Mad Dog"" Mattis, who is being considered for Secretary of Defense, was very impressive yesterday. A true General's General!",4
8.00E+17,"I watched parts of @nbcsnl Saturday Night Live last night. It is a totally one-sided, biased show - nothing funny at all. Equal time for us?",0
8.00E+17,Numerous patriots will be coming to Bedminster today as I continue to fill out the various positions necessary to MAKE AMERICA GREAT AGAIN!,4
8.00E+17,"The cast and producers of Hamilton, which I hear is highly overrated, should immediately apologize to Mike Pence for their terrible behavior",0
8.00E+17,"The Theater must always be a safe and special place.The cast of Hamilton was very rude last night to a very good man, Mike Pence. Apologize!",0
8.00E+17,"Our wonderful future V.P. Mike Pence was harassed last night at the theater by the cast of Hamilton, cameras blazing.This should not happen!",0
8.00E+17,The ONLY bad thing about winning the Presidency is that I did not have the time to go through a long but winning trial on Trump U. Too bad!,0
8.00E+17,I settled the Trump University lawsuit for a small fraction of the potential award because as President I have to focus on our country.,0
8.00E+17,Will be working all weekend in choosing the great men and women who will be helping to MAKE AMERICA GREAT AGAIN!,4
7.99E+17,I worked hard with Bill Ford to keep the Lincoln plant in Kentucky. I owed it to the great State of Kentucky for their confidence in me!,4
7.99E+17,"Just got a call from my friend Bill Ford, Chairman of Ford, who advised me that he will be keeping the Lincoln plant in Kentucky - no Mexico",2
7.99E+17,"My transition team, which is working long hours and doing a fantastic job, will be seeing many great candidates today. #MAGA",4
7.99E+17,"Australia, New Zealand, and more. I am always available to them. @nytimes is just upset that they looked like fools in their coverage of me.",0
7.99E+17,"I have recieved and taken calls from many foreign leaders despite what the failing @nytimes said. Russia, U.K., China, Saudi Arabia, Japan,",0
7.99E+17,"The failing @nytimes story is so totally wrong on transition. It is going so smoothly. Also, I have spoken to many foreign leaders.",0
7.99E+17,"I am not trying to get ""top level security clearance"" for my children. This was a typically false news story.",0
7.99E+17,Very organized process taking place as I decide on Cabinet and many other positions. I am the only one who knows who the finalists are!,4
7.99E+17,"The Electoral College is actually genius in that it brings all states, including the smaller ones, into play. Campaigning is much different!",2
7.99E+17,If the election were based on total popular vote I would have campaigned in  N.Y. Florida and California and won even bigger and more easily,2
7.98E+17,"The debates, especially the second and third, plus speeches and intensity of the large rallies, plus OUR GREAT SUPPORTERS, gave us the win!",4
7.98E+17,I will be interviewed on @60Minutes tonight after the NFL game - 7:00 P.M. Enjoy!,2
7.98E+17,"The @nytimes states today that DJT believes ""more countries should acquire nuclear weapons."" How dishonest are they. I never said this!",0
7.98E+17,"Governor John Kasich of the GREAT, GREAT, GREAT State of Ohio called to congratulate me on the win. The people of Ohio were incredible!",4
7.98E+17,"Jeb Bush, George W and George H.W. all called to express their best wishes on the win. Very nice!",4
7.98E+17,Mitt Romney called to congratulate me on the win. Very nice!,4
7.98E+17,The @nytimes sent a letter to their subscribers apologizing for their BAD coverage of me. I wonder if it will change - doubt it?,0
7.98E+17,"Wow, the @nytimes is losing thousands of subscribers because of their very poor and highly inaccurate coverage of the ""Trump phenomena""",0
7.97E+17,"This will prove to be a great time in the lives of ALL Americans. We will unite and we will win, win, win!",4
7.97E+17,Today we express our deepest gratitude to all those who have served in our armed forces. #ThankAVet https://t.co/wPk7QWpK8Z,4
7.97E+17,Busy day planned in New York. Will soon be making some very important decisions on the people who will be running our government!,2
7.97E+17,Love the fact that the small groups of protesters last night have passion for our great country. We will all come together and be proud!,4
7.97E+17,"Just had a very open and successful presidential election. Now professional protesters, incited by the media, are protesting. Very unfair!",0
7.97E+17,"A fantastic day in D.C. Met with President Obama for first time. Really good meeting, great chemistry. Melania liked Mrs. O a lot!",4
7.97E+17,Happy 241st birthday to the U.S. Marine Corps! Thank you for your service!! https://t.co/Lz2dhrXzo4,4
7.96E+17,Such a beautiful and important evening! The forgotten man and woman will never be forgotten again. We will all come together as never before,4
7.96E+17,"Watching the returns at 9:45pm. 
#ElectionNight #MAGAüá∫üá∏ https://t.co/HfuJeRZbod",2
7.96E+17,"Still time to #VoteTrump! 
#iVoted #ElectionNight https://t.co/UZtYAY1Ba6",2
7.96E+17,"Don't let up, keep getting out to vote - this election is FAR FROM OVER! We are doing well but there is much time left. GO FLORIDA!",2
7.96E+17,"Just out according to @CNN: ""Utah officials report voting machine problems across entire country""",2
7.96E+17,I will be watching the election results from Trump Tower in Manhattan with my family and friends. Very exciting!,2
7.96E+17,#ElectionDay https://t.co/MXrAxYnTjY https://t.co/FZhOncih21,2
7.96E+17,We need your vote. Go to the POLLS! Let's continue this MOVEMENT! Find your poll location: https://t.co/VMUdvi1tx1‚Ä¶ https://t.co/zGOx74Ebhw,2
7.96E+17,VOTE TODAY! Go to https://t.co/MXrAxYnTjY to find your polling location. We are going to Make America Great Again!‚Ä¶ https://t.co/KPQ5EY9VwQ,2
7.96E+17,TODAY WE MAKE AMERICA GREAT AGAIN!,4
7.96E+17,Today we are going to win the great state of MICHIGAN and we are going to WIN back the White House! Thank you MI!‚Ä¶ https://t.co/onRpEvzHrW,4
7.96E+17,"Unbelievable evening in New Hampshire - THANK YOU! Flying to Grand Rapids, Michigan now. 
Watch NH rally here:‚Ä¶ https://t.co/hP88anrfgk",4
7.96E+17,Big news to share in New Hampshire tonight! Polls looking great! See you soon.,4
7.96E+17,"Today in Florida, I pledged to stand with the people of Cuba and Venezuela in their fight against oppression- cont: https://t.co/8eELqk2wUw",2
7.96E+17,Thank you Pennsylvania! Going to New Hampshire now and on to Michigan. Watch PA rally here: https://t.co/d29DLINGst‚Ä¶ https://t.co/zcH9crFIKM,4
7.96E+17,LIVE on #Periscope: Join me for a few minutes in Pennsylvania. Get out &amp; VOTE tomorrow. LETS #MAGA!! https://t.co/Ej0LmMK3YU,4
7.96E+17,Hey Missouri let's defeat Crooked Hillary &amp; @koster4missouri! Koster supports Obamacare &amp; amnesty! Vote outsider Navy SEAL @EricGreitens!,2
7.96E+17,"'America must decide between failed policies or fresh perspective, a corrupt system or an outsider'
https://t.co/ll8QIW9SqW",0
7.96E+17,"'What I Like About Trump ... and Why You Need to Vote for Him'
https://t.co/6rVuDUehZq",2
7.96E+17,'Why Trump' https://t.co/RpwIYB7aOV,2
7.96E+17,"I love you North Carolina- thank you for your amazing support! Get out and https://t.co/HfihPERFgZ tomorrow!
Watch:‚Ä¶ https://t.co/jZzfqUZNYh",4
7.96E+17,On my way! https://t.co/6L2ILD6r8h,2
7.96E+17,Just landed in North Carolina- heading to the J.S. Dorton Arena. See you all soon! Lets #MakeAmericaGreatAgain! https://t.co/EUo0keWX1Y,2
7.96E+17,"Starting tomorrow it's going to be #AmericaFirst! Thank you for a great morning Sarasota, Florida!
Watch here:‚Ä¶ https://t.co/ig62Kjkkvl",4
7.96E+17,Thank you for you support Virginia! In ONE DAY - get out and #VoteTrumpPence16! #ICYMI: https://t.co/Nid8qcFTwY https://t.co/WOsEcjM8sm,4
7.95E+17,Thank you Pennsylvania- I am forever grateful for your amazing support. Lets MAKE AMERICA GREAT AGAIN! #MAGA‚Ä¶ https://t.co/qbcJZAzw6z,4
7.95E+17,Thank you Michigan! This is a MOVEMENT that will never be seen again- it's our last chance to #DrainTheSwamp! Watch‚Ä¶ https://t.co/cSdGkCFYRL,4
7.95E+17,"Our American comeback story begins 11/8/16. Together, we will MAKE AMERICA SAFE &amp; GREAT again for everyone! Watch:‚Ä¶ https://t.co/ek8Cn3CgTr",4
7.95E+17,"Thank you Minnesota! It is time to #DrainTheSwamp &amp; #MAGA! 
#ICYMI- watch: https://t.co/fVThC7yIL6 https://t.co/e8SaXiJrxj",4
7.95E+17,"MONDAY - 11/7/2016

Scranton, Pennsylvania at 5:30pm.
https://t.co/BcErCtsPdF

Grand Rapids, Michigan at 11pm.‚Ä¶ https://t.co/pgFMLp0173",2
7.95E+17,"Thank you Iowa - Get out &amp; #VoteTrumpPence16! 
https://t.co/HfihPERFgZ https://t.co/QsukELQmKb",4
7.95E+17,Van Jones: ‚ÄòThere Is A Crack in the Blue Wall‚Äô ‚Äî It Has to Do With Trade: https://t.co/BvEF9cC7o7,4
7.95E+17,"Great night in Denver, Colorado- thank you! Together, we will MAKE AMERICA GREAT AGAIN! 
#ICYMI watch rally here:‚Ä¶ https://t.co/LbvNHo6T2k",2
7.95E+17,"Thank you Reno, Nevada. 
NOTHING will stop us in our quest to MAKE AMERICA SAFE AND GREAT AGAIN! #AmericaFirst‚Ä¶ https://t.co/A4eeHoCbGS",4
7.95E+17,"Join me live in Reno, Nevada!
https://t.co/T4bf1hrxaA https://t.co/EPqRXHa1CM",2
7.95E+17,"JOIN ME TOMORROW!
MINNESOTA ‚Ä¢ 2pm
https://t.co/WcgLh4prS7

MICHIGAN ‚Ä¢ 6pm
https://t.co/9BqGVKNNrt

VIRGINIA ‚Ä¢ 9:30p‚Ä¶ https://t.co/A1oVhCrT6t",2
7.95E+17,"#DrainTheSwamp!
https://t.co/z68vGp9Bvf",4
7.95E+17,"Top Clinton Aides Bemoan Campaign ‚ÄòAll Tactics,‚Äô No Vision: https://t.co/mHYvQtIq78",2
7.95E+17,"‚ÄòMust Act Immediately‚Äô: Clinton Charity Lawyer Told Execs They Were Breaking The Law
https://t.co/hsi4qhqTV1",0
7.95E+17,Watch Coach Mike Ditka- a great guy and supporter tonight at 8pmE on #WattersWorld with @jessebwatters @FoxNews.,4
7.95E+17,"Thank you Wilmington, North Carolina. We are 3 days away from the CHANGE you've been waiting for your entire life!‚Ä¶ https://t.co/6ZJZRBfLST",4
7.95E+17,"Thank you for the incredible support this morning Tampa, Florida! #ICYMI- watch here: https://t.co/q43kHf7MoE https://t.co/1GscFNaV4L",4
7.95E+17,"Join me in Denver, Colorado tonight at 9:30pm: https://t.co/LJYGIK7Mri

NEW- Scranton, Pennsylvania Monday @ 5:30pm: https://t.co/BcErCtsPdF",2
7.95E+17,MAKE AMERICA GREAT AGAIN!,4
7.95E+17,"Thank you Hershey, Pennsylvania. Get out &amp; VOTE on November 8th &amp; we will #MAGA! #RallyForRiley 
#ICYMI, watch here‚Ä¶ https://t.co/maWukVBTr8",4
7.95E+17,"Join me in Denver, Colorado tomorrow at 9:30pm!
Tickets: https://t.co/LJYGIK7Mri",2
7.95E+17,"Join me live in Hershey, Pennsylvania! 
#MakeAmericaGreatAgain 
LIVE: https://t.co/xEj6sZpb12 https://t.co/JWfGI1vlwW",2
7.95E+17,The only thing that can stop this corrupt machine is YOU. The only force strong enough to save our country is US.‚Ä¶ https://t.co/7dcSHOkuzc,4
7.95E+17,Thank you Ohio! VOTE so we can replace Obamacare and save healthcare for every family in the United States! Watch:‚Ä¶ https://t.co/7CH8ZnGdOa,0
7.95E+17,"Join me live in Wilmington, Ohio!
https://t.co/nQ2p4EulLu",2
7.95E+17,"If Obama worked as hard on straightening out our country as he has trying to protect and elect Hillary, we would all be much better off!",0
7.95E+17,"'ICE OFFICERS WARN HILLARY IMMIGRATION PLAN WILL UNLEASH GANGS, CARTELS &amp; DRUG VIOLENCE NATIONWIDE'‚Ä¶ https://t.co/09aSrBwQrv",0
7.95E+17,"Thank you NH! We will end illegal immigration, stop the drugs, deport all criminal aliens&amp;save American lives! Watc‚Ä¶ https://t.co/uxcazVkb32",4
7.95E+17,"Clinton Aides: ‚ÄòDefinitely‚Äô Not Releasing Some HRC Emails:
https://t.co/GY5pGKaDoW",0
7.95E+17,"""The Clinton Campaign at Obama Justice"" #DrainTheSwamp
https://t.co/LZkvFc071z",0
7.95E+17,"Join me today in Wilmington, Ohio at 4pm: https://t.co/eCLECMkYLw

Tomorrow- Tampa, Florida at 10am: https://t.co/N9380pVmuM",2
7.94E+17,"There is no challenge too great, no dream outside of our reach! Thank you Selma, North Carolina!
#ICYMI, watch here‚Ä¶ https://t.co/8uIrhgYRsl",2
7.94E+17,"Join me in Wilmington, Ohio tomorrow at 4:00pm! It is time to #DrainTheSwamp! Tickets: https://t.co/eCLECM3nmW https://t.co/sb5irRxjxJ",2
7.94E+17,#CrookedHillary is unfit to serve. https://t.co/bSuGvInNF1,0
7.94E+17,"Thank you Concord, North Carolina! When WE win on November 8th, we are going to Washington, D.C. and we are going t‚Ä¶ https://t.co/7j4MBn1Waf",4
7.94E+17,"Watching my beautiful wife, Melania, speak about our love of country and family. We will make you all very proud.‚Ä¶ https://t.co/DiKmSnTlC2",4
7.94E+17,Looking at Air Force One @ MIA. Why is he campaigning instead of creating jobs &amp; fixing Obamacare? Get back to work for the American people!,0
7.94E+17,"ObamaCare is a total disaster. Hillary Clinton wants to save it by making it even more expensive. Doesn't work, I will REPEAL AND REPLACE!",0
7.94E+17,"My wife, Melania, will be speaking in Pennsylvania this afternoon. So exciting, big crowds! I will be watching from North Carolina.",4
7.94E+17,"Thank you Arlene! We will MAKE AMERICA SAFE AND GREAT AGAIN! 
#ImWithYou #DrainTheSwamp 
https://t.co/tSI0YP2LL9",4
7.94E+17,#MakeAmericaGreatAgain #6Days https://t.co/eHTGIEpFsm,4
7.94E+17,"Thank you Orlando, Florida! We are just six days away from delivering justice for every forgotten man, woman and ch‚Ä¶ https://t.co/LPXBQZ5AXt",4
7.94E+17,"After decades of lies and scandal, Crooked Hillary's corruption is closing in. #DrainTheSwamp! https://t.co/YivCacmkKq",0
7.94E+17,"Clinton camp fumed when surrogate told supporters Clinton planned to betray labor on TPP post-election: 
https://t.co/ZZjbGDZP7e",0
7.94E+17,"""It pays to have friends in high places- like the Justice Department. Clearly the Clintons do."" 
#DrainTheSwamp! https://t.co/KZXB4B156M",0
7.94E+17,"Thank you Miami! In 6 days, we are going to WIN the GREAT STATE of FLORIDA - and we are going to win back the White‚Ä¶ https://t.co/MKYPOp0MeD",4
7.94E+17,Praying for the families of the two Iowa police who were ambushed this morning. An attack on those who keep us safe is an attack on us all.,2
7.94E+17,"""@PYNance: Evangelical women live at #trumptower @pdpryor1 @CissieGLynch @SaysGabrielle https://t.co/k5kGXPR2WA""",2
7.94E+17,"""@Ravenrantz: #Billygraham's grand daughter #SupportsTrump https://t.co/sKz1SPHzDZ""  So nice, thank you Cissy Graham Lynch!!!!",4
7.94E+17,"Crooked Hillary Clinton deleted 33,000 e-mails AFTER they were subpoenaed by the United States Congress. Guilty - cannot run. Rigged system!",0
7.94E+17,"I am going to repeal and replace ObamaCare. We will have MUCH less expensive and MUCH better healthcare. With Hillary, costs will triple!",0
7.94E+17,"You can change your vote in six states. So, now that you see that Hillary was a big mistake, change your vote to MAKE AMERICA GREAT AGAIN!",0
7.94E+17,"Join me in Florida tomorrow!

MIAMI‚Ä¢12pm
https://t.co/A3X71Q6sG2

ORLANDO‚Ä¢4pm
https://t.co/6BqTVoty5C

PENSACOLA‚Ä¢7p‚Ä¶ https://t.co/kEQuuJeO1B",2
7.94E+17,Thank you for your incredible support Wisconsin and Governor @ScottWalker! It is time to #DrainTheSwamp &amp; #MAGA!‚Ä¶ https://t.co/gKBkKmTudn,4
7.94E+17,"WikiLeaks emails reveal Podesta urging Clinton camp to 'dump' emails. 
Time to #DrainTheSwamp!
https://t.co/P3ajiACiXK",0
7.94E+17,'Podesta urged Clinton team to hand over emails after use of private server emerged' https://t.co/NYvVmoA8wl,0
7.94E+17,"Mika Brzezinski: Dem Criticism of Comey Reinforcing Idea ‚ÄòThere‚Äôs Something There'
https://t.co/EvBp0xESPN https://t.co/QIDBiDpat8",0
7.94E+17,Hillary Advisers Wanted Her To Avoid Supporting Israel When Talking To Democrats: https://t.co/y7m8iVU173,0
7.94E+17,Trump promises special session to repeal Obamacare: https://t.co/wTCd108yrV,0
7.94E+17,'Kept me out of jail': Top DOJ official involved in Clinton probe represented her campaign chairman: https://t.co/QUZn97CEOq,0
7.94E+17,.@DarrellIssa is a very good man. Help him win his congressional seat in California.,4
7.94E+17,"#ICYMI: Governor @mike_pence and I were in Valley Forge, Pennsylvania today. You can watch it here:‚Ä¶ https://t.co/6GWgmCV23Z",2
7.93E+17,"So terrible that Crooked didn't report she got the debate questions from Donna Brazile, if that were me it would have been front page news!",0
7.93E+17,"JOIN ME TOMORROW IN FLORIDA!

MIAMI‚Ä¢12pm
https://t.co/A3X71Q6sG2

ORLANDO‚Ä¢4pm
https://t.co/6BqTVoty5C

PENSACOLA‚Ä¢7p‚Ä¶ https://t.co/kNzrAeuLZO",2
7.93E+17,"Crooked Hillary should not be allowed to run for president. She deleted 33,000 e-mails AFTER getting a subpoena from U.S. Congress. RIGGED!",0
7.93E+17,"Wow, now leading in @ABC /@washingtonpost Poll 46 to 45. Gone up 12 points in two weeks, mostly before the Crooked Hillary blow-up!",0
7.93E+17,Look at the way Crooked Hillary is handling the e-mail case and the total mess she is in. She is unfit to be president. Bad judgement!,0
7.93E+17,"Wow! I hear you Warren, Michigan. Streaming live - join us America. It is time to DRAIN THE SWAMP!
Watch: https://t.co/pjXELwc5E1",4
7.93E+17,#ObamacareFail #HillarycareFail https://t.co/gaXOWVI0Xa,0
7.93E+17,"Thank you Grand Rapids, Michigan! #ICYMI- watch: https://t.co/2mDQCs6coB https://t.co/gN7BYfLD9K",4
7.93E+17,$25 Million+ raised online in just one week! RECORD WEEK. #DrainTheSwamp Today we set a bigger record. Contribute &gt;https://t.co/CZ1QmzCxwO,4
7.93E+17,"Legendary basketball coach Bobby Knight who has 900+ wins, many championships and a gold medal will be introducing‚Ä¶ https://t.co/aHltfG7U4I",4
7.93E+17,"'Hillary's Two Official Favors To Morocco Resulted In $28 Million For Clinton Foundation' #DrainTheSwamp
https://t.co/6qOO7FZSvF",0
7.93E+17,"Join me tomorrow in Michigan!

Grand Rapids at 12pm:
https://t.co/xFPRNF7pnF

Warren at 3pm:
https://t.co/DREwbH7ZVd https://t.co/iyXwiP0rvd",2
7.93E+17,"Beautiful rally in Albuquerque, New Mexico this evening - thank you. Get out &amp; VOTE! #DrainTheSwamp
Watch rally:‚Ä¶ https://t.co/K2RSgt2Zh5",4
7.93E+17,"""@slh: I follow Mr.Trump at all of his rallies by watching them on https://t.co/biseaBESvS. He is a lion-hearted warrior, who inspires hope",4
7.93E+17,"Thank you Greeley, CO! REAL change means restoring honesty to the govt. Our plan will END govt. corruption! Watch:‚Ä¶ https://t.co/qz5AL7zvp4",4
7.93E+17,"Thank you Las Vegas, Nevada- I love you! Departing for Greeley, Colorado now. Get out &amp; VOTE! #ICYMI- watch here:‚Ä¶ https://t.co/uIloPRtEn9",4
7.93E+17,"See you tomorrow Michigan!

Grand Rapids, MI tomorrow at noon:
https://t.co/xFPRNEPNZ5

Warren, MI tomorrow at 3pm:‚Ä¶ https://t.co/UHRTgS88B5",2
7.93E+17,"Wow, Twitter, Google and Facebook are burying the FBI criminal investigation of Clinton. Very dishonest media!",0
7.93E+17,"Hillary and the Dems loved and praised FBI Director Comey just a few days ago. Original evidence was overwhelming, should not have delayed!",0
7.93E+17,"We are now leading in many polls, and many of these were taken before the criminal investigation announcement on Friday - great in states!",0
7.93E+17,"Great day in Colorado &amp; Arizona. Will be in Nevada, Colorado and New Mexico tomorrow - join me!
Tickets:‚Ä¶ https://t.co/vMPTsLXsCT",2
7.93E+17,"THANK YOU Phoenix, Arizona! Time for new POWERFUL leadership. Just imagine what WE can accomplish in our first 100‚Ä¶ https://t.co/gqZLLxcenk",4
7.92E+17,So nice - great Americans outside Trump Tower right now. Thank you! https://t.co/34ATTgICTz,4
7.92E+17,"Departing Golden, CO. for Arizona now - after an unbelievable rally. Watch here: https://t.co/zNzmWuZPiV
Overflow: https://t.co/93L7JfdmXJ",4
7.92E+17,#ObamacareFail https://t.co/iusXk4n9w7,0
7.92E+17,"Tomorrow!

Las Vegas, NV- 11a: https://t.co/KluudKImvn
Greeley, CO- 4p: https://t.co/JYimiIbqKB
Albuquerque, NM- 7p: https://t.co/7SCol4vQlM",2
7.92E+17,"""@DeplorableCBTP: ""In my mind, #DonaldTrump is the only way out of this mess."" - #PhilRobertson of TV's #DuckDynasty""   Thank you Phil!",4
7.92E+17,I am in Colorado - big day planned - but nothing can be as big as yesterday!,4
7.92E+17,"Join me in Colorado at 12pm tomorrow - or Arizona at 3pm!

TICKETS:
Golden: https://t.co/Eix7SspO2Z
Phoenix:‚Ä¶ https://t.co/pheYCksxq0",2
7.92E+17,"Thank you Maine, New Hampshire and Iowa. The waiting is OVER! The time for change is NOW! We are going to‚Ä¶ https://t.co/HVPjw6qeQ2",4
7.92E+17,"""@piersmorgan: BOMBSHELL: FBI reopening its investigation into HillaryClinton's email server after new discovery!",0
7.92E+17,Just landed in Iowa - speaking soon!,2
7.92E+17,We must not let #CrookedHillary take her CRIMINAL SCHEME into the Oval Office. #DrainTheSwamp https://t.co/GtPkj4xIz6,0
7.92E+17,"Just out: Neera Tanden, Hillary Clinton adviser said, ‚ÄúIsrael is depressing.‚Äù I think Israel is inspiring!",0
7.92E+17,Heading to New Hampshire. Will be talking about the disaster known as ObamaCare!,0
7.92E+17,"If my people said the things about me that Podesta &amp; Hillary's people said about her, I would fire them out of self respect. ""Bad instincts""",0
7.92E+17,"Join me tonight in Cedar Rapids, Iowa at 7pm: https://t.co/QWaEJpR79n

Phoenix, Arizona tomorrow night at 3pm: https://t.co/0LjE9qbNLh",2
7.92E+17,"""@Jmoschetti1363: @Johnatsrs1949 FBI must be outraged that their hands r tied she has no regard or t secret service, FBI, or (Dallas)police""",0
7.92E+17,"Thank you Geneva, Ohio. 
If I am elected President, I am going to keep RADICAL ISLAMIC TERRORISTS OUT of our countr‚Ä¶ https://t.co/a7t5QN2iqW",4
7.92E+17,"Join @TeamTrump on Facebook &amp; watch tonight's rally from Geneva, Ohio- our 3rd rally of the day. #AmericaFirst #MAGA https://t.co/ZqJmf4QcwH",2
7.92E+17,Crooked Hillary launched her political career by letting terrorists off the hook. #DrainTheSwamp‚Ä¶ https://t.co/BLMkZQ8svK,0
7.92E+17,"""@KeithRowland: People in Arizona just got a taste of Obamacare with a 116% increase in premiums. @realDonaldTrump"" Repeal and replace!",0
7.92E+17,I will be interviewed on @oreillyfactor tonight at 8:00 P.M. Enjoy!,2
7.92E+17,"I delivered a speech in Charlotte, North Carolina yesterday. I appreciate all of the feedback &amp; support. Lets #MAGA‚Ä¶ https://t.co/aI2HtiRUzr",4
7.92E+17,"Join me live in Toledo, Ohio. Time to #DrainTheSwamp &amp; #MAGA!
https://t.co/NU39Mmlh1T",2
7.92E+17,"Join me in Cedar Rapids, Iowa tomorrow at 7:00pm! #MAGA
https://t.co/QWaEJpzvKN https://t.co/CniHGkjp0v",2
7.92E+17,"#ICYMI: I agree- To all Americans, I see you &amp; I hear you. I am your voice. Vote to #DrainTheSwamp with me on 11/8.‚Ä¶ https://t.co/P2edj2MoXy",4
7.92E+17,"Thank you Springfield, Ohio. Get out and #VoteTrumpPence16!
#ICYMI - watch here: https://t.co/dEoXV6oS3b‚Ä¶ https://t.co/RNgCUUqO4X",4
7.92E+17,"Join me live in Springfield, Ohio!
https://t.co/LREA7WRmOx",2
7.92E+17,"Join me live in Springfield, Ohio!
https://t.co/LREA7WRmOx",2
7.92E+17,"Inside ‚ÄòBill Clinton Inc.‚Äô: Hacked memo reveals intersection of charity and personal income. #DrainTheSwamp!
https://t.co/UfDVzeSDfd",0
7.92E+17,"JOIN ME! #MAGA
TODAY:
Springfield, OH 
Toledo, OH 
Geneva, OH 
FRIDAY:
Manchester, NH 
Lisbon, ME 
Cedar Rapids, IA
https://t.co/kv624y9UOm",2
7.92E+17,"I agree, @MMFlint- To all Americans, I see you &amp; I hear you. I am your voice. Vote to #DrainTheSwamp w/ me on 11/8. https://t.co/D7nBwkogBb",4
7.92E+17,"""Clinton Foundation‚Äôs Fundraisers Pressed Donors to Steer Business to Former President""
https://t.co/PlFILR6JCn",0
7.92E+17,"Ron Fournier: ""Clinton Used Secret Server To Protect #CircleOfEnrichment‚Äù
https://t.co/4OGP3tPxyp",0
7.92E+17,"'WikiLeaks Drip-Drop Releases Prove One Thing: There's No Nov. 8 Deadline on Clinton's Dishonesty and Scandals'
https://t.co/MfRy3Nvd4F",0
7.92E+17,A lot of call-ins about vote flipping at the voting booths in Texas. People are not happy. BIG lines. What is going on?,0
7.92E+17,"Obamacare is a disaster. We must REPEAL &amp; REPLACE. Tired of the lies, and want to #DrainTheSwamp? Get out &amp; VOTE‚Ä¶ https://t.co/jOelj829Pg",0
7.91E+17,"Beautiful evening in Kinston, North Carolina - thank you! Get out and VOTE!! You can watch tonight's rally here:‚Ä¶ https://t.co/x7wtERl55d",4
7.91E+17,"Thank you Charlotte, North Carolina. Great afternoon! #ICYMI - I delivered a speech on urban renewal. Full speech:‚Ä¶ https://t.co/ga6DQZrIR0",4
7.91E+17,Hillary said she was under sniper fire (while surrounded by USSS.) Turned out to be a total lie. She is not fit to‚Ä¶ https://t.co/hBIrGj21l6,0
7.91E+17,"JOIN ME IN OHIO TOMORROW!
Springfield-1pm:
https://t.co/YcbpSigtva

Toledo-4pm:
https://t.co/BOJH0l1CZz

Geneva-7pm‚Ä¶ https://t.co/7qbIRel33u",2
7.91E+17,REPEAL AND REPLACE OBAMACARE!,0
7.91E+17,"Thank you Tallahassee, Florida! A beautiful evening with the MOVEMENT! Get out &amp; VOTE!
#ICYMI- watch here: https://t.co/GDKhwrCa9R",4
7.91E+17,"Thank you Sanford, Florida. Get out &amp; VOTE #TrumpPence16! #ICYMI- watch this afternoons rally here:‚Ä¶ https://t.co/zVXrScClfd",4
7.91E+17,"REPEAL AND REPLACE!!! 
#ObamaCareInThreeWords",0
7.91E+17,I have met &amp; spent a lot of time with families @ The Remembrance Project. I will fight for them everyday!‚Ä¶ https://t.co/Ot6vQGqVW0,4
7.91E+17,"Get your ballots in Colorado - I will see you soon -- and we will win!
#MakeAmericaGreatAgain https://t.co/oDLvZg7MLk",4
7.91E+17,"'Obama Warned Of Rigged Elections In 2008.' Time to #DrainTheSwamp
https://t.co/AkczH8l0FJ https://t.co/7mIkwAHTuV",0
7.91E+17,"Obamacare is a disaster. Rates going through the sky - ready to explode. I will fix it. Hillary can't!
#ObamacareFailed",0
7.91E+17,Truly honored to receive the first ever presidential endorsement from the Bay of Pigs Veterans Association. #MAGA‚Ä¶ https://t.co/aRdlFkVjAx,4
7.91E+17,"Obamacare is a disaster - as I've been saying from the beginning. Time to repeal &amp; replace! 
#ObamacareFail https://t.co/5CvoMbVceT",0
7.91E+17,#ObamacareFail https://t.co/90Aixp25Oc,0
7.91E+17,"Obamacare is a disaster! Time to repeal &amp; replace! #ObamacareFail 
https://t.co/xDPhVczf1g",0
7.91E+17,#ObamacareFail https://t.co/5Zvsys8j5w,0
7.91E+17,#ObamacareFail https://t.co/Mb0YW1rg6g,0
7.91E+17,Get out and vote! I am your voice and I will fight for you! We will make America great again! https://t.co/XXvLRlhSaz,4
7.91E+17,"Key Obamacare premiums to jump 25% next year:
https://t.co/TCdHEdPQDG",0
7.91E+17,#Obamacare premiums are about to SKYROCKET --- again. Crooked H will only make it worse. We will repeal &amp; replace! https://t.co/fY1REYV4rK,0
7.91E+17,"As election looms, some bad news for Clinton, Democrats:
https://t.co/7aWWVQPjTo",0
7.91E+17,"Record crowd in Tampa, Florida- thank you! We will WIN FLORIDA, #DrainTheSwamp in Washington D.C. and MAKE AMERICA‚Ä¶ https://t.co/IpSUYnXcp6",4
7.91E+17,Thank you Bobby Bowden for the intro tonight and your support! I hope I can do as well for Florida as you have done! https://t.co/Vx5iltoaXj,4
7.91E+17,"My contract with the American voter will restore honesty, accountability &amp; CHANGE to Washington! #DrainTheSwamp https://t.co/sbVwctT1Sj",4
7.91E+17,"Peter Navarro: 'Trump the Bull vs. Clinton the Bear' #DrainTheSwamp 
https://t.co/mQRkfMG80j",0
7.91E+17,"Democratic operative caught on camera: Hillary PERSONALLY ordered 'Donald Duck' troll campaign that broke the law'
https://t.co/sTreHAfYUH",0
7.90663E+17,"Join me tomorrow in Sanford or Tallahassee, Florida!

Sanford at 3pm:
https://t.co/PZENw9Kheg

Tallahassee at 6pm:
https://t.co/WKI69e1bqD",2
7.90654E+17,"THANK YOU St. Augustine, Florida! Get out and VOTE! Join the MOVEMENT - and lets #DrainTheSwamp! Off to Tampa now!‚Ä¶ https://t.co/zgwqhy2jBX",2
7.90629E+17,"Join me LIVE on my Facebook page in St. Augustine, Florida! Lets #DrainTheSwamp &amp; MAKE AMERICA GREAT AGAIN!‚Ä¶ https://t.co/mPzVrcaR9L",2
7.90622E+17,"Honored to receive an endorsement from @SJSOPIO - thank you! Together, we are going to MAKE AMERICA SAFE &amp; GREAT AG‚Ä¶ https://t.co/PSTcOei5t1",4
7.90593E+17,'Hillary Clinton Had Gun Control Supporters Planted In Town Hall Audience' https://t.co/1GVq74iW8a,0
7.90593E+17,"Leaving West Palm Beach, Florida now - heading to St. Augustine for a 3pm rally. Will be in Tampa at 7pm - join me:‚Ä¶ https://t.co/eLunEQRxZq",2
7.90585E+17,"'The Clinton Foundation‚Äôs Most Questionable Foreign Donations'
#PayToPlay #DrainTheSwamp
https://t.co/IkeqMRjX5z",0
7.90583E+17,"Departing Farmers Round Table in Boynton Beach, Florida. Get out &amp; VOTE- lets #MAGA! 
EARLY VOTING BY FL. COUNTY:‚Ä¶ https://t.co/MgJxNbxRga",2
7.90565E+17,"Get out to VOTE on 11/8/2016- and we will #DrainTheSwamp!
RASMUSSEN NATIONAL 
Trump 43%
Clinton 41% https://t.co/jIOR7Bq816",4
7.90558E+17,We are winning and the press is refusing to report it. Don't let them fool you- get out and vote! #DrainTheSwamp on November 8th!,4
7.9054E+17,Why has nobody asked Kaine about the horrible views emanated on WikiLeaks about Catholics? Media in the tank for Clinton but Trump will win!,0
7.90534E+17,Major story that the Dems are making up phony polls in order to suppress the the Trump . We are going to WIN!,4
7.90523E+17,"Wow, just came out on secret tape that Crooked Hillary wants to take in as many Syrians as possible. We cannot let this happen - ISIS!",0
7.90379E+17,'Clinton Ally Aided Campaign of FBI Official‚Äôs Wife' https://t.co/U0w99gfyKE,0
7.90344E+17,"'Clinton Charity Got Up To $56 Million From Nations That Are Anti-Women, Gays' #CrookedHillary
https://t.co/eHsuBdi8XM",0
7.90343E+17,"Thank you Naples, Florida! Get out and VOTE #TrumpPence16 on 11/8. 
Lets #MakeAmericaGreatAgain! 
Full Naples rally‚Ä¶ https://t.co/5ZbteSJ00K",2
7.90337E+17,The attack on Mosul is turning out to be a total disaster. We gave them months of notice. U.S. is looking so dumb. VOTE TRUMP and WIN AGAIN!,0
7.90269E+17,#CrookedHillary #PayToPlay https://t.co/BT1Nv0ZMYg,0
7.90251E+17,"Join me in Naples, Florida this evening at 6:00pm! Tickets: https://t.co/Oax06JVzv1 https://t.co/g9LBxI1dJ8",2
7.9023E+17,Remember - get out on November 8th &amp; VOTE #TrumpPence16. It is time to #DrainTheSwamp -- this is our last chance! https://t.co/bnGcJUt7UL,2
7.90229E+17,"Former Prosecutor: The Clintons Are So Corrupt, Everything ‚ÄòThey Touch Turns To Molten Lead‚Äô 
https://t.co/5Eyfi092vn",0
7.90227E+17,"Thank you Las Vegas Review Journal! 
EDITORIAL: 'Donald Trump for president' https://t.co/uH5GH7Bhe0 via @reviewjournal",4
7.90192E+17,"Well, Iran has done it again. Taken two of our people and asking for a fortune for their release. This doesn't happen if I'm president!",4
7.90174E+17,"""If you can't run your own house you certainly can't run the White House"" A statement made by Mrs. Obama about Crooked Hillary Clinton",0
7.90025E+17,"Thank you for the massive turnout tonight- Cleveland, Ohio! Get out &amp; VOTE #TrumpPence16 on 11/8.
Watch rally here:‚Ä¶ https://t.co/XuJZeJwSGk",2
7.90017E+17,"WikiLeaks: 'Clinton-Kaine Even Lied About Timing of Veep Pick'
https://t.co/e1NVdpSfNr",0
7.90015E+17,"'Trump lays out policies for first 100 days in White House'
https://t.co/OrwOIFJuSz",2
7.90011E+17,"'Huma Abedin told Clinton her secret email account caused problems'
https://t.co/i4zN2QzKnf",0
7.89967E+17,"Just arrived in Cleveland, Ohio- join Governor @Mike_Pence and I now, LIVE via: https://t.co/SS58ChFTNy",2
7.89943E+17,"Hillary Clinton: 'Architect of failure'
#DrainTheSwamp #CrookedHillary
https://t.co/b5HqsGrc7N",0
7.89937E+17,"Unbelievable crowd of supporters in Virginia Beach, Virginia. Thank you! Next stop - Cleveland, Ohio.‚Ä¶ https://t.co/CN3sdX5ft1",2
7.89918E+17,"In order to #DrainTheSwamp &amp; create a new GOVERNMENT of, by, &amp; for the PEOPLE, I need your VOTE! Go to https://t.co/HfihPERFgZ- LET'S #MAGA!",4
7.89899E+17,Today I introduced my Contract with the American Voter - our economy will be STRONG &amp; our people will be SAFE.‚Ä¶ https://t.co/Sa6XUfueU4,4
7.89894E+17,Change has to come from outside our very broken system. #MAGA https://t.co/OH9Lvo3R7K,2
7.89888E+17,"Crooked Hillary Clinton Tops Middle East Forum‚Äôs ‚ÄòIslamist Money List'
https://t.co/JC25rNtx6G",1
7.89887E+17,"Thank you Gettysburg, Pennsylvania! #DrainTheSwamp https://t.co/jWgLcxDji7",2
7.89834E+17,"Landing in Pennsylvania now. Great new poll this morning, thank you. Lets #DrainTheSwamp and #MakeAmericaGreatAgain‚Ä¶ https://t.co/BV2RFavG84",2
7.89829E+17,"Will be in Cleveland, Ohio w/ @mike_pence tonight- join us: https://t.co/hre7FofPxQ

Naples, Florida-tomorrow @ 6pm: https://t.co/Oax06JVzv1",2
7.89793E+17,"""@AZTRUMPTRAIN: I #Voted for DonaldTrump! #Arizona ‚òâ #Economy #Immigration #Jobs #Veterans #BorderControl #Trade‚Ä¶ https://t.co/0BJk9BwkfW""",4
7.89792E+17,"""@jensen4law: Best way to pay Hillary back for what she did to @BernieSanders #DNCleak is a DonaldTrump LANDSLIDE https://t.co/Ha8o5wCyGh""",0
7.89671E+17,The media refuses to talk about the three new national polls that have me in first place. Biggest crowds ever - watch what happens!,0
7.89668E+17,"Just returned from Pennsylvania where we will be bringing back their jobs. Amazing crowd. Will be going back tomorrow, to Gettysburg!",4
7.89658E+17,"Governor @Mike_Pence and I will be in Cleveland, Ohio tomorrow night at 7pm - join us! #MAGA
Tickets:‚Ä¶ https://t.co/kfJv5Po0x6",2
7.89632E+17,"Thank you to the great crowd of supporters in Newtown, Pennsylvania. Get out &amp; VOTE on 11/8/16. Lets #MAGA! Watch:‚Ä¶ https://t.co/eb6XuMlbFW",2
7.896E+17,#CrookedHillary sending U.S. intelligence info. to Podesta‚Äôs hacked email is ‚Äòunquestionably an OPSEC violation‚Äô https://t.co/z58aeo4CO7,0
7.89599E+17,"WikiLeaks reveals Clinton camp‚Äôs work with ‚ÄòVERY friendly and malleable reporters‚Äô 
#DrainTheSwamp #CrookedHillary
https://t.co/bcYLslrxi0",0
7.89596E+17,Donna Brazile Shreds Obama Economy - Acting DNC chair says 'people are more in despair about how things are' https://t.co/LQNbISSoX0,0
7.89595E+17,"""{Crooked Hillary Clinton} created this mess, and she knows it."" 
#DrainTheSwamp https://t.co/3cBNYjl5CD https://t.co/sjwkuq3nkk",0
7.89591E+17,"'Clinton Campaign And Harry Reid Worked With New York Times To Smear State Dept Watchdog'
Time to #DrainTheSwamp! 
https://t.co/0VDdGdpCTg",0
7.8959E+17,"VERY IRONIC: ""In 2010 video, Clinton lectured underlings on cybersecurity and guarding ‚Äòsensitive information‚Äô"" 
https://t.co/dL7VDMqSLy",0
7.89574E+17,"Great crowd in Johnstown, Pennsylvania- thank you. Get out &amp; VOTE on 11/8! Watch the MOVEMENT in PA. this afternoon‚Ä¶ https://t.co/DUMlbSkVeY",2
7.89541E+17,"A top Clinton Foundation official said he could name ‚Äú500 different examples‚Äù of conflicts of interest. 
https://t.co/rtWhdYOyq7",0
7.8954E+17,#CrookedHillary ‚Äúwas at center of negotiating $12M commitment from King Mohammed VI of Morocco‚Äù to Clinton Fdn. https://t.co/HWOQ7jQWY2,0
7.89523E+17,"Great crowd in Fletcher, North Carolina- thank you! Heading to Johnstown, Pennsylvania now! Get out on November 8th‚Ä¶ https://t.co/IG5KhKIz3W",4
7.8952E+17,"The results are in on the final debate and it is almost unanimous, I WON! Thank you, these are very exciting times.",4
7.89487E+17,"Huma calls it a ""MESS,"" the rest of us call it CORRUPT! WikiLeaks catches Crooked in the act - again.
#DrainTheSwamp https://t.co/juvdLIJPWu",0
7.89227E+17,"Hillary &amp; Obama's Broken Promises. 
#RepealObamacare https://t.co/oz24r2xW7G",0
7.89225E+17,In addition to those without health coverage- those that have disastrous #Obamacare are seeing MASSIVE PREMIUM INCR‚Ä¶ https://t.co/J7ldXmUmJm,0
7.89202E+17,"Crooked Hillary promised 200k jobs in NY and FAILED. We'll create 25M jobs when I'm president, and I will DELIVER! https://t.co/NgyCkEH7Xn",0
7.89201E+17,Crooked took MILLIONS from oppressive ME countries. Will she give the $$$ back? Probably not. Don't forget her slog‚Ä¶ https://t.co/esLgql0Gg8,0
7.89196E+17,"'Trump won the third debate'
https://t.co/Wh52fyLNRz",4
7.89192E+17,"UPCOMING RALLIES - JOIN ME!

TOMORROW
Fletcher, NC @ 12pm. 
https://t.co/uASvA4Gd4r

SATURDAY
Cleveland, OH @ 7pm. 
https://t.co/hre7Foxqpo",2
7.89192E+17,"#ICYMI - OHIO RALLY!
Watch here: https://t.co/0qAjfOcu6Y https://t.co/fpShHiXI31",2
7.89171E+17,"Want access to Crooked Hillary? Don't forget - it's going to cost you!
#DrainTheSwamp #PayToPlay https://t.co/qjMBZkEnK9",0
7.89158E+17,"Thank you Delaware County, Ohio! Remember- either we WIN this election, or we are going to LOSE this country!‚Ä¶ https://t.co/ntDRTzYOqi",2
7.89132E+17,"If elected POTUS - I will stop RADICAL ISLAMIC TERRORISM in this country! In order to do this, we need to‚Ä¶ https://t.co/45Vyk6z18m",4
7.89118E+17,Why didn't Hillary Clinton announce that she was inappropriately given the debate questions - she secretly used them! Crooked Hillary.,0
7.89096E+17,"Thank you America! #MAGA

Rasmussen National Poll
Donald Trump 43%
Hillary Clinton 40% https://t.co/n4eZ3qpcjg",4
7.89002E+17,Just landed in Ohio. Thank you America- I am honored to win the final debate for our MOVEMENT. It is time to‚Ä¶ https://t.co/ivdjRzL6wZ,4
7.8896E+17,"Totally dishonest Donna Brazile chokes on the truth. Highly illegal! 
Watch: https://t.co/Rs5brj31bA https://t.co/FYoRo6MUjX",0
7.88957E+17,"The Washington Times Presidential Debate Poll:
TRUMP 77% (18,290)
CLINTON 17% (4,100)
#DrainTheSwamp #Debate https://t.co/wsgsf5nv6H",4
7.88955E+17,"Join the MOVEMENT to #MAGA!
https://t.co/3KWOl2ibaW https://t.co/V84qfN4oz1",2
7.88955E+17,"Great poll - thank you America! Once we #DrainTheSwamp, together we will #MAGAüá∫üá∏#Debate https://t.co/SvcjmrsHKD",0
7.88938E+17,That was really exciting. Made all of my points. MAKE AMERICA GREAT AGAIN!,4
7.88936E+17,"Join my team over on my Facebook page- live now! #Debates
https://t.co/vpDVQfO58A https://t.co/5v1tWzHrxq",4
7.88935E+17,"The era of division is coming to an end. We will create a new future of #AmericanUnity. First, we need to‚Ä¶ https://t.co/mZUFP24Bgh",2
7.88933E+17,We cannot take four more years of Barack Obama and that‚Äôs what you‚Äôll get if you vote for Hillary. #BigLeagueTruth,4
7.88933E+17,I started this campaign to Make America Great Again. That‚Äôs what I‚Äôm going to do. #MAGA #debate,4
7.88931E+17,"HILLARY'S HEALTH CARE POLICIES
#DrainTheSwamp #Debate https://t.co/t1Sr8dk2Xi",0
7.88931E+17,We have to repeal &amp; replace #Obamacare! Look at what is doing to people! #DrainTheSwamp https://t.co/fsv7P11mWV,0
7.88931E+17,"ISIS has infiltrated countries all over Europe by posing as refugees, and @HillaryClinton will allow it to happen h‚Ä¶ https://t.co/MmeW2qsTQh",0
7.88931E+17,"The economy cannot take four more years of these same failed policies.
#BigLeagueTruth #DrainTheSwamp https://t.co/o8g2E5xXy6",0
7.8893E+17,"Together we can save American JOBS, American LIVES, and AMERICAN FUTURES! #Debates https://t.co/2Yfd0Omn4X",4
7.8893E+17,USA has the greatest business people in the world but we let political hacks negotiate our deals. We need change! #BigLeagueTruth #Debate,2
7.8893E+17,"I WILL DEFEAT ISIS. THEY HAVE BEEN AROUND TOO LONG! What has our leadership been doing?
#DrainTheSwamp https://t.co/tU0iW3Gi9v",0
7.88929E+17,"After Crooked @HillaryClinton allowed ISIS to rise, she now claims she'll defeat them? LAUGHABLE! Here's my plan: https://t.co/FzRMObNQVn",0
7.88928E+17,"I opposed going into Iraq. Hillary voted for it. As with everything else she's supported, it was a DISASTER. https://t.co/Um5WJXWfBZ",0
7.88928E+17,#BigLeagueTruth #DrainTheSwamp https://t.co/eoBiXFPc5f,2
7.88928E+17,Bernie Sanders on HRC: Bad Judgement. John Podesta on HRC: Bad Instincts. #BigLeagueTruth #Debate,2
7.88927E+17,"HILLARY FAILED ALL OVER THE WORLD. #BigLeagueTruth  
‚ùåLIBYA
‚ùåSYRIA
‚ùåIRAN
‚ùåIRAQ
‚ùåASIA PIVOT
‚ùåRUSSIAN RESET
‚ùåBENGHAZI‚Ä¶ https://t.co/H1UH0svtt2",0
7.88926E+17,"Hillary says ""take back Mosul?"" We would have NEVER lost Mosul- if it wasn't for #CrookedHillary. #DrainTheSwamp https://t.co/TmsY0ApFLQ",0
7.88926E+17,You should give the money back @HillaryClinton! #DrainTheSwamp https://t.co/m0LKHRUoHz,0
7.88925E+17,Crooked‚Äôs top aides were MIRED in massive conflicts of interests at the State Dept. We MUST #DrainTheSwamp https://t.co/a4p7q9jZde #Debate,0
7.88923E+17,Crooked @HillaryClinton's foundation is a CRIMINAL ENTERPRISE. Time to #DrainTheSwamp!  https://t.co/89eOMTsIjt #BigLeagueTruth #Debate,0
7.88923E+17,"Moderator: ‚ÄúRespectfully, you won‚Äôt answer the pay-to-play question.‚Äù #Debate #BigLeagueTruth",2
7.88922E+17,.@HillaryClinton loves to lie. America has had enough of the CLINTON'S! It is time to #DrainTheSwamp! Debates https://t.co/3Mz4T7qTTR,0
7.88922E+17,She'll say anything and change NOTHING! #MAGA #BigLeagueTruth https://t.co/6E767Uw6Dj,0
7.88922E+17,I will do more in the first 30 days in office than Hillary has done in the last 30 years! #Debate¬† #BigLeagueTruth https://t.co/tuNQePu8Vk,0
7.88922E+17,"Crooked's camp incited violence at my rallies. These incidents weren't ""spontaneous"" - like she claimed in Benghazi! https://t.co/aCzOgFIfZ2",0
7.88922E+17,#CrookedHillary is nothing more than a Wall Street PUPPET! #BigLeagueTruth #Debate https://t.co/skhBWG6AQ3,0
7.88922E+17,"Brought to you by @HillaryClinton &amp; her campaign- in Chicago, Illinois. 
#BigLeagueTruth #DrainTheSwamp https://t.co/10iUBOcECp",0
7.88921E+17,Our country is stagnant. We‚Äôve lost jobs and business. We don‚Äôt make things anymore b/c of the bill Hillary‚Äôs husband signed and she blessed,0
7.8892E+17,Crooked Hillary has never created a job in her life. We will create 25 million jobs. Think she can do that? Not a c‚Ä¶ https://t.co/64Kll0Dl7K,0
7.8892E+17,.@HillaryClinton has been doing this for THIRTY YEARS....where has she been? #BigLeagueTruth,0
7.8892E+17,#CrookedHillary gives Obama an ‚ÄúA‚Äù for an economic recovery that‚Äôs the slowest since WWII... #BigLeagueTruth‚Ä¶ https://t.co/wVMFHdyCu2,0
7.88919E+17,"THE CHOICE IS CLEAR!
#BigLeagueTruth #DrainTheSwamp https://t.co/kGx88PEpmX",4
7.88919E+17,"I will renegotiate NAFTA. If I can‚Äôt make a great deal, we‚Äôre going to tear it up. We‚Äôre going to get this economy running again. #Debate",4
7.88919E+17,This is what we can expect from #CrookedHillary. More Taxes. More Spending. #BigLeageTruth #DrainTheSwamp #Debates https://t.co/5yxnt0gNUF,0
7.88919E+17,#BigLeagueTruth https://t.co/jhDLwFez3v,2
7.88918E+17,.@HillaryClinton's tax hikes will CRUSH our economy. I will cut taxes -- BIG LEAGUE. https://t.co/EtA1tBnrNG https://t.co/NgMDP4wilI,0
7.88918E+17,".@HillaryClinton talking about jobs? Remember what she promised upstate New York. #BigLeagueTruth
#Debates https://t.co/SmjNuHi7XB",0
7.88918E+17,.@HillaryClinton has been a foreign policy DISASTER for the American people. I will #MakeAmericaStrongAgain #Debate‚Ä¶ https://t.co/tj6PWM5r1J,0
7.88917E+17,Moderator: Hillary plan calls for more regulation and more government spending. #Debate #BigLeagueTruth,0
7.88917E+17,".@HillaryClinton- you have failed, failed, and failed. #BigLeagueTruth
Time to #DrainTheSwamp! https://t.co/c2EiyU8XKK",0
7.88916E+17,"Hillary has called for 550% more Syrian immigrants, but won‚Äôt even mention ‚Äúradical Islamic terrorists.‚Äù #Debate‚Ä¶ https://t.co/Rf48XkZWbu",0
7.88916E+17,"Hey @POTUS - WE AGREE!
#BigLeagueTruth #DrainTheSwamp https://t.co/WnofYy60fc",2
7.88915E+17,"Moderator: Hillary paid $225,000 by a Brazilian bank for a speech that called for ‚Äúopen borders.‚Äù That‚Äôs a quote! #Debate #BigLeagueTruth",0
7.88915E+17,"TRUMP &amp; CLINTON ON IMMIGRATION
#Debate #BigLeagueTruth https://t.co/OP4c7Jc8Ad",0
7.88915E+17,"Hillary is too weak to lead on border security-no solutions, no ideas, no credibility.She supported NAFTA, worst deal in US history. #Debate",0
7.88914E+17,Plain &amp; Simple: We should only admit into this country those who share our VALUES and RESPECT our people. https://t.co/TlJo8dtVjZ,2
7.88914E+17,One of my first acts as President will be to deport the drug lords and then secure the border. #Debate #MAGA,4
7.88913E+17,Hillary Clinton will use American tax dollars to provide amnesty for thousands of illegals. I will put‚Ä¶ https://t.co/ZpV33TfbR6,0
7.88913E+17,"Drugs are pouring into this country. If we have no border, we have no country. That‚Äôs why ICE endorsed me. #Debate #BigLeagueTruth",2
7.88912E+17,"#SecondAmendment #2A
#Debates https://t.co/QbOaf8Dlhs",2
7.88911E+17,It is so imperative that we have the right justices. #DrainTheSwamp #Debates¬†#BigLeagueTruth https://t.co/RHryqijTlu,2
7.88911E+17,.@HillaryClinton lists litany of ways she plans to restrict gun rights. 2A will not survive a Hillary presidency. #Debate #BigLeagueTruth,0
7.8891E+17,The 2nd Amendment is under siege. We need SCOTUS judges who will uphold the US Constitution. #Debate #BigLeagueTruth,2
7.8891E+17,Hillary Clinton wants to create the most liberal Supreme Court in history #debate #DrainTheSwamp https://t.co/fKJBNXvluh,0
7.88909E+17,Ready to lead. Ready to Make America Great Again. #Debate #MAGA,4
7.88907E+17,This is an incredible MOVEMENT- WE are going to take our country BACK! #November8th #BigLeagueTruth #Debate https://t.co/BT4VgYTkBr,4
7.88907E+17,"Tune in at https://t.co/Q08Kp4w3oT and get the word out #BigLeagueTruth #Debate Help us spread the TRUTH, stop the‚Ä¶ https://t.co/GS9YQYzF6x",2
7.88905E+17,"I will be handing over my Twitter account to my team of deplorables for tonight's #debate
#MakeAmericaGreatAgain",2
7.88877E+17,"UNBELIEVABLE!
Clinton campaign contractor caught in voter-fraud video is a felon who visited White House 342 times: https://t.co/qQdsMHAtkT",0
7.88866E+17,"'Over 250,000 to Lose Health Insurance in Battleground North Carolina Due to #Obamacare'
https://t.co/18McSKO2AY",0
7.88866E+17,"Join my team tonight at 8:30pmE!
https://t.co/ZqJmf4yB87 https://t.co/ncJXn6fURF",2
7.88854E+17,I will issue a lifetime ban against senior executive branch officials lobbying on behalf of a FOREIGN GOVERNMENT!‚Ä¶ https://t.co/GQizTdCdFC,2
7.88854E+17,I am going to expand the definition of LOBBYIST - so we close all the LOOPHOLES! #DrainTheSwamp https://t.co/PBPrrEnfSK,4
7.88853E+17,Obamacare premiums increasing 33% in Pennsylvania - a complete disaster. It must be repealed and replaced!‚Ä¶ https://t.co/aDZEfcI7SM,0
7.88831E+17,"'Hillary Clinton Deleted Emails With Her Email Server Technician'
https://t.co/VvO4lTKsaj",0
7.88825E+17,"Join me in Delaware, Ohio tomorrow at 12:30pm! #DrainTheSwamp 
Tickets: https://t.co/TWRFY1ryY8 https://t.co/Zd1KjzlCtJ",2
7.88819E+17,"'Top Hillary Adviser Mocked, Plotted Attacks on Pro-Sanders Civil Rights Leader' #DrainTheSwamp 
https://t.co/ER5FtjZgjw",0
7.88805E+17,"'Dem Operative Who Oversaw Trump Rally Agitators Visited White House 342 Times' #DrainTheSwamp 
https://t.co/MO4SJaQMzo",2
7.88803E+17,"'State works hard, and illegally, for Clinton' #DrainTheSwamp https://t.co/zXvUnJTKhF",0
7.88803E+17,"'Scandals surround Clinton's gatekeeper at State'
#DrainTheSwamp https://t.co/xxTTZeMYAc",0
7.88787E+17,"The State Department's 'shadow government' #DrainTheSwamp 
https://t.co/UtbqlGrYJh",0
7.88786E+17,More Anti-Catholic Emails From Team Clinton: https://t.co/KYirBbYjp2 https://t.co/f8Z7olUvlM,0
7.88765E+17,"It is time to #DrainTheSwamp!
https://t.co/U2XeM2vDJK",4
7.88552E+17,‚ÄòFood Groups‚Äô ‚Äì Emails Show Clinton Campaign Organized Potential VPs By Race And Gender: https://t.co/Qk1fOm1t8L,0
7.88545E+17,"#DrainTheSwamp 
https://t.co/wqqPjxfBoJ",2
7.88544E+17,"Time to #DrainTheSwamp in Washington, D.C. and VOTE #TrumpPence16 on 11/8/2016. Together, we will MAKE AMERICA SAFE‚Ä¶ https://t.co/rVcjXdWxzp",2
7.88539E+17,Hillary is the most corrupt person to ever run for the presidency of the United States. #DrainTheSwamp https://t.co/xA3YO8YzCq,0
7.88538E+17,"'Clinton Campaign Tried to Limit Damage From Classified Info on Email Server' #DrainTheSwamp 
https://t.co/5j8WuKLL5o",0
7.88538E+17,"'Clinton Campaign Tried to Limit Damage From Classified Info on Email Server' #DrainTheSwamp 
https://t.co/5j8WuKLL5o",0
7.88496E+17,"'Trump rally disrupter was once on Clinton's payroll'
https://t.co/75oLLuD4SI",0
7.88468E+17,Thank you Colorado Springs. If I‚Äôm elected President I am going to keep Radical Islamic Terrorists out of our count‚Ä¶ https://t.co/N74UK73RLK,4
7.8845E+17,"FL, KS, ME, MD, MN, NJ, OR &amp; WV! It's the LAST DAY to mail in voter reg forms. Get the forms at‚Ä¶ https://t.co/CbpgL6wynY",2
7.88441E+17,Hillary‚Äôs Aides Urged Her to Take Foreign Lobbyist Donation And Deal With Attacks: https://t.co/o2qvr1myIZ,0
7.88403E+17,"If we let Crooked run the govt, history will remember 2017 as the year America lost its independence. #DrainTheSwamp https://t.co/VpYiO8CnXQ",0
7.88403E+17,Pay-to-play. Collusion. Cover-ups. And now bribery? So CROOKED. I will #DrainTheSwamp. https://t.co/FNzMit7mD8,0
7.88403E+17,"I will Make Our Government Honest Again -- believe me. But first, I'm going to have to #DrainTheSwamp in DC. https://t.co/m1lMAQPnIb",4
7.88342E+17,"""@THEREALMOGUL: 41% of American voters believe the  election could be ""stolen"" from DonaldTrump due to widespread voter fraud. - Politico""",0
7.882E+17,Great night in WI. I‚Äôm going to fight for every person in this country who believes government should serve the PEO‚Ä¶ https://t.co/UIKwWNmwR7,4
7.88194E+17,"Donald J. Trump Ethics Reform Plan For Washington D.C.
https://t.co/lKzas1SqUA",2
7.88193E+17,"EXCLUSIVE: FBI Agents Say Comey ‚ÄòStood In The Way‚Äô Of Clinton Email Investigation:
https://t.co/6n63fHVvNo",0
7.8815E+17,Get rich quick! Crooked Hillary Clinton's pay to play guide: https://t.co/uKh5sCFfrv,0
7.88149E+17,Yet more evidence of a media-rigged election: https://t.co/rVh4ocgx3r,0
7.88144E+17,"My wife, Melania, will be interviewed tonight at 8:00pm by Anderson Cooper on @CNN. I have no doubt she will do very well. Enjoy!",2
7.88138E+17,I will sign the first bill to repeal #Obamacare and give Americans many choices and much lower rates!,2
7.88134E+17,Trump Virginia Office Announces Statewide TV Ad Strategy and Leadership Team: https://t.co/wVJZTjY8bA https://t.co/JUBRu4mqCE,2
7.88132E+17,"Join me in Colorado Springs, Colorado tomorrow at 1:00pm! #MAGA 
Tickets: https://t.co/ktFk8RuaUK",2
7.88123E+17,Crooked Hillary colluded w/FBI and DOJ and media is covering up to protect her. It's a #RiggedSystem! Our country d‚Ä¶ https://t.co/kuinRTImVJ,0
7.881E+17,"New polls are good because the media has deceived the public by putting women front and center with made-up stories and lies, and got caught",0
7.88098E+17,"""Journalists shower Hillary Clinton with campaign cash""
https://t.co/qZPPX0LO4X https://t.co/NsWbJN01Uu",0
7.88095E+17,"""State Department official accused of offering 'quid pro quo' in Clinton email scandal"" https://t.co/XkmcKeyRPJ",0
7.8805E+17,"Wow, new polls just came out from @CNN   Great numbers, especially after total media hit job. Leading Ohio 48 - 44.",4
7.88038E+17,"Voter fraud! Crooked Hillary Clinton even got the questions to a debate, and nobody says a word. Can you imagine if I got the questions?",0
7.88037E+17,Unbelievable. https://t.co/D7kpxlQPwU,2
7.88031E+17,"WikiLeaks proves even the Clinton campaign knew Crooked mishandled classified info, but no one gets charged? RIGGED! https://t.co/FgGxDsS0a1",0
7.87996E+17,We have all got to come together and win this election. We can't have four more years of Obama (or worse!).,0
7.87995E+17,Of course there is large scale voter fraud happening on and before election day. Why do Republican leaders deny what is going on? So naive!,0
7.87994E+17,"""@RosieGray: Peter Thiel chooses now to give $1.25mil in support of Trump https://t.co/sNEEB2n2TE""",4
7.87993E+17,"""@PrisonPlanet: Trump accuser praised him in an email as recently as April! This is all yet another hoax. https://t.co/tcKzmIKpfS"" Terrible",0
7.87991E+17,"""@MarkSimoneNY: Watch Joe Biden's Long History Of Grabbing, Kissing and Groping Women Who Are Cringing: https://t.co/1iQCMd25Dz""",0
7.87991E+17,"Can't believe these totally phoney stories, 100% made up by women (many already proven false) and pushed big time by press, have impact!",0
7.87784E+17,"ALL SAFE IN ORANGE COUNTY, NORTH CAROLINA. With you all the way, will never forget. Now we have to win. Proud of you all!  @NCGOP",4
7.87783E+17,Animals representing Hillary Clinton and Dems in North Carolina just firebombed our office in Orange County because we are winning @NCGOP,0
7.87779E+17,"Wow, interview released by Wikileakes shows ""quid pro quo"" in Crooked Hillary e-mail probe.Such a dishonest person - &amp; Paul Ryan does zilch!",0
7.87761E+17,"Finally, in the new ABC News/Washington Post Poll, Hillary Clinton is down 11 points with WOMEN VOTERS and the election is close at 47-43!",2
7.87759E+17,"Paul Ryan, a man who doesn't know how to win (including failed run four years ago), must start focusing on the budget, military, vets etc.",0
7.87757E+17,"The Democrats have a corrupt political machine pushing crooked Hillary Clinton. We have Paul Ryan, always fighting the Republican nominee!",0
7.87748E+17,"Join me in Wisconsin tomorrow or Colorado on Tuesday!
Green Bay- 6pm
https://t.co/9L917nvCBX
Colorado Springs- 1pm‚Ä¶ https://t.co/972GWZDGEp",2
7.87736E+17,"‚ÄúThe vast majority felt she should be prosecuted..."" -- even senior FBI officials thought Crooked was guilty. 
https://t.co/AFtDs7HVlt",0
7.877E+17,The election is absolutely being rigged by the dishonest and distorted media pushing Crooked Hillary - but also at many polling places - SAD,0
7.87687E+17,We've all wondered how Hillary avoided prosecution for her email scheme. Wikileaks may have found the answer. Obama! https://t.co/xF0wv8Oa8q,0
7.87686E+17,Hillary's staff thought her email scandal might just blow over. Who would trust these people with national security? https://t.co/EvBCQoZRG2,0
7.87643E+17,A country that Crooked Hillary says has funded ISIS also gave Wild Bill $1 million for his birthday? SO CORRUPT! https://t.co/00s5tgsXrM,0
7.87642E+17,"They let Crooked &amp; the Gang off the hook for the crime, but it looks like the cover-up is just as bad. Unbelievable! https://t.co/eWjHoq20Dw",0
7.87632E+17,"Election is being rigged by the media, in a coordinated effort with the Clinton campaign, by putting stories that never happened into news!",0
7.87618E+17,"Polls close, but can you believe I lost large numbers of women voters based on made up events THAT NEVER HAPPENED. Media rigging election!",0
7.87613E+17,Watched Saturday Night Live hit job on me.Time to retire the boring and unfunny show. Alec Baldwin portrayal stinks. Media rigging election!,0
7.87444E+17,"""@davidshiloach: @realDonaldTrump Go Mr. Trump! Israel is behind you!""",0
7.87444E+17,Thank you for sharing Amy. https://t.co/StfzCeaQgH,2
7.87444E+17,A great day in New Hampshire and Maine. Fantastic crowds and energy! #MAGA,4
7.87431E+17,"Thank you Bangor, Maine! Get out &amp; #VoteTrumpPence16 on 11/8/16- and together we will MAKE AMERICA SAFE AND GREAT A‚Ä¶ https://t.co/sUSh8v07MW",4
7.87425E+17,"The failing @nytimes reporters don't even call us anymore, they just write whatever they want to write, making up sources along the way!",0
7.8736E+17,Nothing ever happened with any of these women. Totally made up nonsense to steal the election. Nobody has more respect for women than me!,2
7.87355E+17,"The MOVEMENT in Portsmouth, New Hampshire w/ 7K supporters. THANK YOU! This is the biggest election of our lifetime‚Ä¶ https://t.co/4otZyjYLc2",4
7.87321E+17,"Landing in New Hampshire soon to talk about the massive drug problem there, and all over the country.",2
7.8732E+17,The truth is a beautiful weapon. https://t.co/P7FrFhicvw,2
7.87268E+17,Hillary Clinton should have been prosecuted and should be in jail. Instead she is running for president in what looks like a rigged election,0
7.87266E+17,"Will be in Bangor, Maine today at 3pm- join me! #MAGA
Tickets: https://t.co/NY7E1FBOB7 https://t.co/5TN2wvnR7J",2
7.87258E+17,"This election is being rigged by the media pushing false and unsubstantiated charges, and outright lies, in order to elect Crooked Hillary!",0
7.87245E+17,"100% fabricated and made-up charges, pushed strongly by the media and the Clinton Campaign, may poison the minds of the American Voter. FIX!",0
7.87127E+17,"Thank you @TrumpWomensTour!
#MakeAmericaGreatAgain https://t.co/R4oxaHpsAB",4
7.87099E+17,"Thank you Charlotte, North Carolina! We are going to have an AMAZING victory on November 8th...because this is all‚Ä¶ https://t.co/A7Ql7KuMfT",4
7.87026E+17,Make sure you're registered to vote! Let's #MakeAmericaGreatAgain! We can't afford more years of FAILURE! All info:‚Ä¶ https://t.co/MgV5urLhB0,0
7.87012E+17,"Thank you for your support Greensboro, North Carolina. Next stop - Charlotte! #MAGA
https://t.co/3KWOl2ibaW https://t.co/jjde4W1hz2",2
7.86951E+17,"WHAT THEY ARE SAYING ABOUT THE CLINTON CAMPAIGN‚ÄôS ANTI-CATHOLIC BIGOTRY: 
https://t.co/oRUlaT4zbn",0
7.86738E+17,"Thank you to our U.S. Navy for protecting our country, both in times of peace &amp; war. Together, WE WILL MAKE AMERICA‚Ä¶ https://t.co/v23jCl4tEQ",4
7.86717E+17,"Join me live in Cincinnati, Ohio!
#TrumpRally #MAGA
https://t.co/MzqgNNVfZb",2
7.8671E+17,"Join me in Greensboro, North Carolina tomorrow at 2:00pm! #TrumpRally
https://t.co/vpLryxCyoq https://t.co/dRra2AqayJ",2
7.86701E+17,Dem Gov. of MN. just announced that the Affordable Care Act (Obamacare) is no longer affordable. I've been saying this for years- disaster!,0
7.86692E+17,"Great event in Columbus- taking off for Cincinnati now. Great new Ohio poll out- thank you!
OHIO NBC/WSJ/MARIST POLL
Trump 42% 
Clinton 41%",4
7.86659E+17,Just left a great rally in Florida - now heading to Ohio for two more. Will be there soon.,2
7.86589E+17,"I am making a major speech in West Palm Beach, Florida at noon. Tune in!",2
7.86589E+17,Thank you! #MAGA #AmericaFirst https://t.co/fG313wjlKm,2
7.86565E+17,"Join me in Ohio &amp; Maine!
Cincinnati, Ohio- tonight @ 7:30pm: https://t.co/XlHGD1VrMo
Bangor, Maine - Saturday @ 3pm‚Ä¶ https://t.co/DYHPQYBwpK",2
7.86561E+17,The phony story in the failing @nytimes is a TOTAL FABRICATION. Written by same people as last discredited story on women. WATCH!,0
7.86555E+17,"Why didn't the writer of the twelve year old article in People Magazine mention the ""incident"" in her story. Because it did not happen!",2
7.86341E+17,"I will be in Cincinnati, Ohio tomorrow night at 7:30pm- join me! #OhioVotesEarly #VoteTrumpPence16 
Tickets:‚Ä¶ https://t.co/Bp5iHKbT2d",2
7.86311E+17,"The MOVEMENT in Lakeland, Florida. Voter registration extended to 10/18. REGISTER ASAP @ https://t.co/HfihPERFgZ &amp;‚Ä¶ https://t.co/PygIlshrgv",2
7.86286E+17,The people of Cuba have struggled too long. Will reverse Obama's Executive Orders and concessions towards Cuba until freedoms are restored.,4
7.86205E+17,"PAY TO PLAY POLITICS. 
#CrookedHillary https://t.co/wjsl8ITVvk",0
7.86201E+17,Very little pick-up by the dishonest media of incredible information provided by WikiLeaks. So dishonest! Rigged system!,0
7.86189E+17,Crooked Hillary Clinton likes to talk about the things she will do but she has been there for 30 years - why didn't she do them?,4
7.86055E+17,Thank you Florida- a MOVEMENT that has never been seen before and will never be seen again. Lets get out &amp;‚Ä¶ https://t.co/t9XM9wFDZI,4
7.86008E+17,"Join me Thursday in Florida &amp; Ohio!
West Palm Beach, FL at noon:
https://t.co/jwbZnQhxg9
Cincinnati, OH this 7:30pm:
https://t.co/5w2UhalPIx",2
7.85979E+17,"Wow, @CNN Town Hall questions were given to Crooked Hillary Clinton in advance of big debates against Bernie Sanders. Hillary &amp; CNN FRAUD!",0
7.85957E+17,Thank you Texas! If you haven't registered to VOTE- today is your last day. Go to: https://t.co/HfihPEA3Sp &amp; get ou‚Ä¶ https://t.co/gxbDRD4x2k,2
7.85947E+17,VOTER REGISTRATION DEADLINES TODAY. You can register now at: https://t.co/HfihPEA3Sp and get out to‚Ä¶ https://t.co/LlFdF0DRX4,2
7.85914E+17,DON'T LET HER FOOL US AGAIN. https://t.co/3QSoADFh7S,0
7.8591E+17,"Crooked's State Dept gave special attention to ""Friends of Bill"" after the Haiti Earthquake. Unbelievable! https://t.co/opP2l8ln0J",0
7.85899E+17,I hope people are looking at the disgraceful behavior of Hillary Clinton as exposed by WikiLeaks. She is unfit to run.,0
7.85891E+17,"In Texas now, leaving soon for BIG rally in Florida!",2
7.85886E+17,"The very foul mouthed Sen. John McCain begged for my support during his  primary (I gave, he won), then dropped me over locker room remarks!",0
7.85864E+17,Wow. Unbelievable. https://t.co/RcBPCcmwnD,4
7.85855E+17,Disloyal R's are far more difficult than Crooked Hillary. They come at you from all sides. They don‚Äôt know how to win - I will teach them!,0
7.85846E+17,With the exception of cheating Bernie out of the nom the Dems have always proven to be far more loyal to each other than the Republicans!,0
7.85843E+17,It is so nice that the shackles have been taken off me and I can now fight for America the way I want to.,2
7.85829E+17,"Our very weak and ineffective leader, Paul Ryan, had a bad conference call where his members went wild at his disloyalty.",0
7.85816E+17,"Despite winning the second debate in a landslide (every poll), it is hard to do well when Paul Ryan and others give zero support!",0
7.85655E+17,"Thank you Pennsylvania. This is a MOVEMENT like we have never seen before! #VoteTrumpPence16 on 11/8/16- together,‚Ä¶ https://t.co/x0197JL5RU",4
7.85609E+17,Is this really America? Terrible! https://t.co/WiwC61PIFu,0
7.85563E+17,"Wow, @CNN got caught fixing their ""focus group"" in order to make Crooked Hillary look better. Really pathetic and totally dishonest!",0
7.85561E+17,"Debate polls look great - thank you!
#MAGA #AmericaFirst https://t.co/4peQ3Sswdz",0
7.85559E+17,CNN is the worst - fortunately they have bad ratings because everyone knows they are biased. https://t.co/oFRfNY2rUY,0
7.85531E+17,"Paul Ryan should spend more time on balancing the budget, jobs and illegal immigration and not waste his time on fighting Republican nominee",0
7.85527E+17,Thank you for all of the great comments on the debate last night. Very exciting!,4
7.85324E+17,"Thank you St. Louis, Missouri!
#MakeAmericaGreatAgain  
https://t.co/2llBltf0mE https://t.co/wBmVxf1a9D",4
7.85307E+17,"MY PRO-GROWTH Econ Plan:
‚úÖEliminate excessive regulations! 
‚úÖLean government!
‚úÖLower taxes!
#Debates¬†‚Ä¶ https://t.co/OchcnuSAgR",2
7.85306E+17,"Hypocrite: @HillaryClinton is the single biggest beneficiary of Citizens United in history, by far. #debate #bigleaguetruth",0
7.85305E+17,Our country has the slowest growth since 1929. #BigLeagueTruth #debate,0
7.85305E+17,@AC360: ‚ÄúHow can you unite a country if you‚Äôve written off tens of millions of Americans?‚Äù #Deplorables #BigLeagueTruth #Debate,2
7.85304E+17,This country cannot take four more years of Barack Obama! #Debate,0
7.85304E+17,"We agree @POTUS-

""SHE'LL (Hillary Clinton) SAY ANYTHING &amp; CHANGE NOTHING. IT'S TIME TO TURN THE PAGE"" -President Obama",0
7.85304E+17,"If @HillaryClinton is president, she‚Äôll be all talk and nothing will get done. #Debate #BigLeagueTruth",0
7.85303E+17,"FACT ‚úîÔ∏è on ‚Äúred line‚Äù in Syria: HRC ""I wasn‚Äôt there."" Fact: line drawn in Aug ‚Äô12. HRC Secy of State til Feb ‚Äô13. https://t.co/4yZjH3TR5B",0
7.85303E+17,"In my administration, EVERY American will be treated equally, protected equally, and honored equally #Debate #BigLeagueTruth",3
7.85302E+17,We cannot let this evil continue! #Debates2016 https://t.co/f6BxYyRJID,2
7.85301E+17,This is the definition of ransom ‚¨á https://t.co/370piI2JLp,0
7.85301E+17,"The world is most peaceful, and most prosperous when America is strongest. https://t.co/Y2Dx7xyBBs",4
7.853E+17,"Here are Hillary Clinton's ""accomplishments"" at the State Department.
#Debates2016 #RattledHillary https://t.co/iouuqXYAdq",2
7.85299E+17,"History lesson: There‚Äôs a big difference between Hillary Clinton and Abraham Lincoln. For one, his nickname is Hone‚Ä¶ https://t.co/A5JDkz1eCE",0
7.85298E+17,"We're going to cut taxes BIG LEAGUE for the middle class. She's raising your taxes and I'm lowering your taxes!
https://t.co/ZwIkqNH2FX",0
7.85297E+17,"""YOU NEED BOTH A PUBLIC AND A PRIVATE POSITION""
@HillaryClinton #Debates2016 https://t.co/oI2qi2HAdO",0
7.85296E+17,Hypocrite! @HillaryClinton claims she needs a ‚Äúpublic and a private stance‚Äù in discussions with Wall Street banks. #Debate,0
7.85296E+17,I hope when the MSM runs its ‚Äúinterruption counters‚Äù they consider the # of times the moderators interrupted me com‚Ä¶ https://t.co/pHEjp8bZVP,0
7.85296E+17,.@HillaryClinton - ITS CALLED EXTREME VETTING! #Debates2016 https://t.co/ueq7cbOg9Y,0
7.85295E+17,".@HillaryClinton #ICYMI- ""WE ARE NOT IN A NARRATIVE FIGHT.""
@Mike_Pence #MAGA https://t.co/FUQzXlyPwY",0
7.85295E+17,"#CrookedHillary has FAILED all over the world! Ùè∞Ä 
#BigLeagueTruth #Debates2016 https://t.co/dalk9JKcFg",0
7.85293E+17,".@HillaryClinton is NOT above the law!
#Debates2016 https://t.co/4arYZcGgYZ",0
7.85293E+17,.@HillaryClinton : Bill ‚Äúclarified‚Äù what he meant when calling Obamacare a ‚Äúdisaster.‚Äù Actually ‚Äúdisaster‚Äù is pretty clear. #Debate,0
7.85293E+17,"We must repeal Obamacare and replace it with a much more competitive, comprehensive, affordable system. #debate #MAGA",0
7.85292E+17,Obama and Clinton told the same lie to sell #ObamaCare. #Debates2016 https://t.co/vhOLtHrR66,0
7.85291E+17,ATTN: @HillaryClinton - Why did five of your staffers need FBI IMMUNITY?! #BigLeagueTruth #Debates,0
7.85291E+17,"Hillary‚Äôs 33,000 deleted emails about her daughter‚Äôs wedding. That‚Äôs a lot of wedding emails. #debate",0
7.85291E+17,Basically nothing Hillary has said about her secret server has been true. #CrookedHillary,0
7.85291E+17,If I win-I am going to instruct my AG to get a special prosecutor to look into your situation bc there's never been anything like your lies.,0
7.8529E+17,"Donald J. Trump's History Of Empowering Women #BigLeagueTruth
https://t.co/oY2YSPz7nB",2
7.8529E+17,There‚Äôs never been anyone more abusive to women in politics than Bill Clinton.My words were unfortunate-the Clintons‚Äô actions were far worse,0
7.85287E+17,I‚Äôm not proud of my locker room talk. But this world has serious problems. We need serious leaders. #debate #BigLeagueTruth,2
7.85287E+17,It‚Äôs this simple. ‚ÄúMake America Great Again.‚Äù #debate #BigLeagueTruth,2
7.85275E+17,"My team of deplorables will be taking over my Twitter account for tonight's #debate
#MakeAmericaGreatAgain",2
7.8526E+17,Join me on #FacebookLive as I conclude my final #debate preparations. https://t.co/gAbNvI8Fd7,2
7.85245E+17,"The Palestinian terror attack today reminds the world of the grievous perils facing Israeli citizens....continued:
https://t.co/d2Upx5FitC",2
7.85167E+17,"Exclusive Video‚ÄìBroaddrick, Willey, Jones to Bill's Defenders: ‚ÄòThese Are Crimes,‚Äô ‚ÄòTerrified‚Äô of ‚ÄòEnabler‚Äô Hillary 
https://t.co/DMfLsIbtU1",2
7.85148E+17,"LA Times- USC Dornsife Sunday Poll: Donald Trump Retains 2 Point Lead Over Hillary:
https://t.co/n05rul4Ycw",4
7.85121E+17,So many self-righteous hypocrites. Watch their poll numbers - and elections - go down!,0
7.85119E+17,"""@HenryLeledog: @realDonaldTrump This Black Democrat is on the ""TRUMP TRAIN""!!""",2
7.85119E+17,"""@maidaa17: @realDonaldTrump GOP traitors! Not supporting U is voting for her, destroying America.",0
7.85118E+17,"""@CharleneOsbor17: @realDonaldTrump politicians don't count. It's the people. We are behind trump all the way to White House.""",4
7.85118E+17,"""@eericmyers: @realDonaldTrump  ""Republican leadership"" should have only one job: Help elect the nominee we voted for, Donald J. Trump.""",2
7.85118E+17,"""@Jodygirl1010: @realDonaldTrump I am a woman who continues to support &amp; stand with #Trump! #dtmag https://t.co/nFmY3FJuEf"" Thank you.",4
7.85107E+17,"EXCLUSIVE ‚Äî Video Interview: Bill Clinton Accuser Juanita Broaddrick Relives Brutal Rapes:
https://t.co/9j7f8VK9Md",2
7.85103E+17,"Tremendous support (except for some Republican ""leadership""). Thank you.",4
7.84916E+17,Thank you to my great supporters in Wisconsin. I heard that the crowd and enthusiasm was unreal!,4
7.84841E+17,"The media and establishment want me out of the race so badly -  I WILL NEVER DROP OUT OF THE RACE, WILL NEVER LET MY SUPPORTERS DOWN! #MAGA",0
7.84767E+17,Certainly has been an interesting 24 hours!,2
7.84609E+17,Here is my statement. https://t.co/WAZiGoQqMQ,2
7.84228E+17,"Thoughts &amp; prayers with the millions of people in the path of Hurricane Matthew. Look out for neighbors, and listen‚Ä¶ https://t.co/JqjyTiKicD",2
7.84216E+17,"""@kevcirilli: Trump speaking in exact same tone he did in Waterville Valley on 12/1. The night I first realized he was gonna be GOP nominee""",4
7.84165E+17,New National Rasmussen Poll: https://t.co/BnAveA5OuP,2
7.84151E+17,Thank you Tennessee! #MAGA https://t.co/OoDFmerQ5B,2
7.84149E+17,VOTE #TrumpPence16 on 11/8/16! https://t.co/12zAk8VmgK,2
7.84133E+17,'Donald Trump: A President for All Americans' https://t.co/3lU2vrUE3t,4
7.84133E+17,"Volunteer to be a Trump Election Observer. Sign up today!
#MakeAmericaGreatAgain
https://t.co/ZzFHlsWnh4",2
7.83886E+17,"Praying for everyone in Florida. Hoping the hurricane dissipates, but in any event, please be careful.",2
7.83882E+17,"New Virginia poll- thank you! We are going to show the whole world that America is back ‚Äì BIGGER, and BETTER, and S‚Ä¶ https://t.co/2CikEXb0G7",4
